-- phpMyAdmin SQL Dump
-- version 4.8.4
-- https://www.phpmyadmin.net/
--
-- Host: 127.0.0.1
-- Generation Time: Jul 27, 2021 at 10:57 PM
-- Server version: 10.1.37-MariaDB
-- PHP Version: 5.6.40

SET SQL_MODE = "NO_AUTO_VALUE_ON_ZERO";
SET AUTOCOMMIT = 0;
START TRANSACTION;
SET time_zone = "+00:00";


/*!40101 SET @OLD_CHARACTER_SET_CLIENT=@@CHARACTER_SET_CLIENT */;
/*!40101 SET @OLD_CHARACTER_SET_RESULTS=@@CHARACTER_SET_RESULTS */;
/*!40101 SET @OLD_COLLATION_CONNECTION=@@COLLATION_CONNECTION */;
/*!40101 SET NAMES utf8mb4 */;

--
-- Database: `blog_management_system`
--

-- --------------------------------------------------------

--
-- Table structure for table `posts`
--

CREATE TABLE `posts` (
  `post_id` int(11) NOT NULL,
  `user_role_id` int(11) NOT NULL,
  `post_title` varchar(100) NOT NULL,
  `post_summary` text NOT NULL,
  `post_description` longtext NOT NULL
) ENGINE=InnoDB DEFAULT CHARSET=latin1;

--
-- Dumping data for table `posts`
--

INSERT INTO `posts` (`post_id`, `user_role_id`, `post_title`, `post_summary`, `post_description`) VALUES
(4, 1, 'Description', 'This plugin is purely made by developers and for developers. Use this plugin to generate dummy/fake users, posts, custom posts, and woocommerce products for various purposes.', 'This plugin is purely made by developers and for developers. Use this plugin to generate dummy/fake users, posts, custom posts, and woocommerce products for various purposes.'),
(7, 1, '10 Best Dummy Content ', 'As a WordPress developer, whenever you build a new theme, plugin or even if you are testing out new features of WordPress that you might not be familiar with. There’s one task that get’s extremely repetitive, cumbersome and mundane.', 'As a WordPress developer, whenever you build a new theme, plugin or even if you are testing out new features of WordPress that you might not be familiar with. There’s one task that get’s extremely repetitive, cumbersome and mundane.'),
(9, 1, '10  Best Dummy Content ', 'As a WordPress developer, whenever you build a new theme, plugin or even if you are testing out new features of WordPress that you might not be familiar with. There’s one task that get’s extremely repetitive, cumbersome and mundane.', 'As a WordPress developer, whenever you build a new theme, plugin or even if you are testing out new features of WordPress that you might not be familiar with. There’s one task that get’s extremely repetitive, cumbersome and mundane.');

-- --------------------------------------------------------

--
-- Table structure for table `roles`
--

CREATE TABLE `roles` (
  `role_id` int(11) NOT NULL,
  `role_type` varchar(10) NOT NULL
) ENGINE=InnoDB DEFAULT CHARSET=latin1;

--
-- Dumping data for table `roles`
--

INSERT INTO `roles` (`role_id`, `role_type`) VALUES
(1, 'Admin'),
(2, 'Contributo'),
(3, 'User');

-- --------------------------------------------------------

--
-- Table structure for table `users`
--

CREATE TABLE `users` (
  `user_id` int(11) NOT NULL,
  `fullname` varchar(20) NOT NULL,
  `email` varchar(20) NOT NULL,
  `user_password` varchar(20) NOT NULL,
  `gender` enum('Male','Female') NOT NULL,
  `login_time` datetime DEFAULT NULL,
  `logout_time` datetime DEFAULT NULL
) ENGINE=InnoDB DEFAULT CHARSET=latin1;

--
-- Dumping data for table `users`
--

INSERT INTO `users` (`user_id`, `fullname`, `email`, `user_password`, `gender`, `login_time`, `logout_time`) VALUES
(1, 'Parkash', 'parkash@yahoo.com', '12345', 'Male', '2021-07-28 01:53:48', '2021-07-28 01:53:55'),
(2, 'Mahvaeer', 'mahaveer@gmail.com', '1234', 'Male', '2021-07-28 12:37:23', '2021-07-28 12:50:15'),
(3, 'Shawal', 'shawal@gmail.com', '12345', 'Male', '2021-07-28 01:40:10', '2021-07-27 11:56:28'),
(14, 'sapna kumari', 'sapna@gmail.com', '12345', 'Female', '2021-07-27 10:52:45', '2021-07-27 10:53:04');

-- --------------------------------------------------------

--
-- Table structure for table `user_role`
--

CREATE TABLE `user_role` (
  `user_role_id` int(11) NOT NULL,
  `user_id` int(11) NOT NULL,
  `role_id` int(11) NOT NULL
) ENGINE=InnoDB DEFAULT CHARSET=latin1;

--
-- Dumping data for table `user_role`
--

INSERT INTO `user_role` (`user_role_id`, `user_id`, `role_id`) VALUES
(1, 1, 1),
(2, 2, 2),
(3, 3, 3),
(4, 14, 1);

--
-- Indexes for dumped tables
--

--
-- Indexes for table `posts`
--
ALTER TABLE `posts`
  ADD PRIMARY KEY (`post_id`),
  ADD KEY `user_role_id` (`user_role_id`);

--
-- Indexes for table `roles`
--
ALTER TABLE `roles`
  ADD PRIMARY KEY (`role_id`);

--
-- Indexes for table `users`
--
ALTER TABLE `users`
  ADD PRIMARY KEY (`user_id`),
  ADD UNIQUE KEY `email` (`email`);

--
-- Indexes for table `user_role`
--
ALTER TABLE `user_role`
  ADD PRIMARY KEY (`user_role_id`),
  ADD KEY `role_id` (`role_id`),
  ADD KEY `user_id` (`user_id`);

--
-- AUTO_INCREMENT for dumped tables
--

--
-- AUTO_INCREMENT for table `posts`
--
ALTER TABLE `posts`
  MODIFY `post_id` int(11) NOT NULL AUTO_INCREMENT, AUTO_INCREMENT=12;

--
-- AUTO_INCREMENT for table `roles`
--
ALTER TABLE `roles`
  MODIFY `role_id` int(11) NOT NULL AUTO_INCREMENT, AUTO_INCREMENT=4;

--
-- AUTO_INCREMENT for table `users`
--
ALTER TABLE `users`
  MODIFY `user_id` int(11) NOT NULL AUTO_INCREMENT, AUTO_INCREMENT=15;

--
-- AUTO_INCREMENT for table `user_role`
--
ALTER TABLE `user_role`
  MODIFY `user_role_id` int(11) NOT NULL AUTO_INCREMENT, AUTO_INCREMENT=5;

--
-- Constraints for dumped tables
--

--
-- Constraints for table `posts`
--
ALTER TABLE `posts`
  ADD CONSTRAINT `posts_ibfk_1` FOREIGN KEY (`user_role_id`) REFERENCES `user_role` (`user_role_id`) ON DELETE CASCADE ON UPDATE CASCADE;

--
-- Constraints for table `user_role`
--
ALTER TABLE `user_role`
  ADD CONSTRAINT `user_role_ibfk_1` FOREIGN KEY (`role_id`) REFERENCES `roles` (`role_id`) ON DELETE CASCADE ON UPDATE CASCADE,
  ADD CONSTRAINT `user_role_ibfk_2` FOREIGN KEY (`user_id`) REFERENCES `users` (`user_id`);
COMMIT;

/*!40101 SET CHARACTER_SET_CLIENT=@OLD_CHARACTER_SET_CLIENT */;
/*!40101 SET CHARACTER_SET_RESULTS=@OLD_CHARACTER_SET_RESULTS */;
/*!40101 SET COLLATION_CONNECTION=@OLD_COLLATION_CONNECTION */;
